{
  "Total" : {
    "transaction" : "Total",
    "sampleCount" : 5,
    "errorCount" : 0,
    "errorPct" : 0.0,
    "meanResTime" : 627.0,
    "medianResTime" : 470.0,
    "minResTime" : 439.0,
    "maxResTime" : 1248.0,
    "pct1ResTime" : 1248.0,
    "pct2ResTime" : 1248.0,
    "pct3ResTime" : 1248.0,
    "throughput" : 1.1775788977861517,
    "receivedKBytesPerSec" : 1.6628702013659913,
    "sentKBytesPerSec" : 0.32222422574187465
  },
  "HTTP Request" : {
    "transaction" : "HTTP Request",
    "sampleCount" : 5,
    "errorCount" : 0,
    "errorPct" : 0.0,
    "meanResTime" : 627.0,
    "medianResTime" : 470.0,
    "minResTime" : 439.0,
    "maxResTime" : 1248.0,
    "pct1ResTime" : 1248.0,
    "pct2ResTime" : 1248.0,
    "pct3ResTime" : 1248.0,
    "throughput" : 1.1775788977861517,
    "receivedKBytesPerSec" : 1.6628702013659913,
    "sentKBytesPerSec" : 0.32222422574187465
  }
}